1,Kile,Pinare,kpinare0@patch.com,M,51616.16
2,Alwin,Olley,aolley1@twitter.com,M,49096.95
3,Colleen,Obell,cobell2@gizmodo.com,F,40167.09
4,Arvie,Gatland,agatland3@hc360.com,M,50485.26
5,Abram,Joincey,ajoincey4@bloglines.com,M,46532.95
6,Colman,MacNab,cmacnab5@timesonline.co.uk,M,52990.84
7,Reynold,Cars,rcars6@e-recht24.de,M,34162.91
8,Trudi,Dow,tdow7@netvibes.com,F,33910.45
9,Guthrie,Castlake,gcastlake8@wordpress.com,M,32984.28
10,Annissa,Kyllford,akyllford9@wufoo.com,F,46540.73
11,Talya,Emptage,temptagea@nifty.com,F,39420.65
12,Siegfried,Secret,ssecretb@aol.com,M,42444.58
13,Carmita,Sperwell,csperwellc@archive.org,F,31790.06
14,Husain,Josephov,hjosephovd@goo.ne.jp,M,37121.15
15,Eleanor,Castell,ecastelle@boston.com,F,39266.10
16,Vergil,Hemmingway,vhemmingwayf@canalblog.com,M,41516.90
17,Martguerita,Hindenburg,mhindenburgg@clickbank.net,F,32531.67
18,Diahann,Mabbett,dmabbetth@economist.com,F,35122.46
19,Gabie,Verdey,gverdeyi@apple.com,F,45316.07
20,Van,Oxe,voxej@google.es,F,36405.38
21,Earl,Wooster,ewoosterk@seattletimes.com,M,31046.84
22,Rickie,Goodsal,rgoodsall@walmart.com,F,41433.97
23,Nathanial,Dixsee,ndixseem@gnu.org,M,44956.21
24,Krystalle,Willgoose,kwillgoosen@typepad.com,F,45965.75
25,Bondy,Mc Andrew,bmcandrewo@amazon.de,M,37266.37
26,Shandra,Szwarc,sszwarcp@china.com.cn,F,36835.73
27,Weider,Twiggins,wtwigginsq@nbcnews.com,M,46360.56
28,Joyan,Witch,jwitchr@prlog.org,F,33236.39
29,Alistair,Jump,ajumps@aboutads.info,M,38467.43
30,Elsworth,Treadgall,etreadgallt@oracle.com,M,38593.71
31,Annalee,Grabeham,agrabehamu@tripod.com,F,35883.39
32,Trudy,Densie,tdensiev@baidu.com,F,50733.41
33,Lorianna,Fishenden,lfishendenw@globo.com,F,32390.22
34,Crystie,Bywaters,cbywatersx@istockphoto.com,F,50768.27
35,Verile,Cockram,vcockramy@1und1.de,F,46355.50
36,Cesar,Aronov,caronovz@myspace.com,M,34159.48
37,Sandra,Terzza,sterzza10@umn.edu,F,55482.24
38,Rey,Limbrick,rlimbrick11@microsoft.com,F,38740.19
39,Fernande,Cotta,fcotta12@mashable.com,F,33495.99
40,Marielle,Bartolijn,mbartolijn13@etsy.com,F,32654.35
41,Cody,Bowe,cbowe14@facebook.com,M,53516.63
42,Gayla,Sessuns,gsessuns15@topsy.com,F,30831.04
43,Ezechiel,Lunck,elunck16@naver.com,M,34789.42
44,Tarrah,Jorioz,tjorioz17@dmoz.org,F,59523.90
45,Stevena,Hush,shush18@google.ru,F,30180.19
46,Renato,Vinten,rvinten19@howstuffworks.com,M,59634.70
47,Thorny,Le Gassick,tlegassick1a@baidu.com,M,39904.19
48,Dael,Burley,dburley1b@about.com,M,55653.04
49,Nester,Motte,nmotte1c@histats.com,M,49898.07
50,Haskel,Peachey,hpeachey1d@arstechnica.com,M,49916.12
